"email","firstName","lastName"
"None","None","AAAA"
"zackg@ssl.berkeley.edu","Zack","Gainsforth"
"gdominguez@csusm.edu","Gerardo","Dominguez"
"mamarcus@lbl.gov","Matthew","Marcus"
"ychang1@arizona.edu","Jerry","Chang"
"lindsay.p.keller@nasa.gov","Lindsay","Keller"
"f.brenker@em.uni-frankfurt.de","Frank","Brenker"
"s.singerling@em.uni-frankfurt.de","Sheri","Singerling"
"lan-anh.n.nguyen@nasa.gov","Ann","Nguyen"